"Reference area","Source","Year","Female_15-24","Female_15+","Female_25+","Male_15-24","Male_15+","Male_25+","Total_15-24","Total_15+","Total_25+"
"Argentina","ILO - Modelled Estimates","2021","26.7","9.9","7.5","21","7.9","6","23.4","8.7","6.7"
"Argentina","ILO - Modelled Estimates","2020","35","12.4","9.4","27.2","10.8","8.5","30.4","11.5","8.9"
"Argentina","ILO - Modelled Estimates","2019","28.5","10.7","8.1","24","9.2","6.8","25.8","9.8","7.4"
"Argentina","ILO - Modelled Estimates","2018","27.9","10.6","7.9","21.1","8.2","6.1","23.8","9.2","6.9"
"Argentina","ILO - Modelled Estimates","2017","26.9","9.5","6.8","20.2","7.5","5.4","22.8","8.3","6"
"Argentina","ILO - Modelled Estimates","2016","25.6","9.2","6.7","19.4","7.3","5.2","21.8","8.1","5.9"
"Argentina","ILO - Modelled Estimates","2015","23.6","8.6","6.3","18","6.7","4.8","20.1","7.5","5.5"
"Argentina","ILO - Modelled Estimates","2014","22.3","8.4","6.2","17.1","6.5","4.7","19.1","7.3","5.3"
"Argentina","ILO - Modelled Estimates","2013","23.3","8.5","6.2","17.3","6.1","4.1","19.6","7.1","5"
"Argentina","ILO - Modelled Estimates","2012","23","8.8","6.6","15.4","6.1","4.4","18.3","7.2","5.3"
"Argentina","ILO - Modelled Estimates","2011","22.1","8.5","6.3","16.6","6.3","4.4","18.7","7.2","5.1"
"Argentina","ILO - Modelled Estimates","2010","23.5","9.2","6.8","16.7","6.7","4.8","19.4","7.7","5.6"
"Argentina","ILO - Modelled Estimates","2009","24.5","9.9","7.3","19","7.8","5.6","21.2","8.7","6.3"
"Argentina","ILO - Modelled Estimates","2008","22.1","9.8","7.4","16.8","6.5","4.6","18.9","7.8","5.7"
"Argentina","ILO - Modelled Estimates","2007","24.4","10.5","7.8","17.4","7.1","5","20.3","8.5","6.1"
"Argentina","ILO - Modelled Estimates","2006","29.2","12.4","9","20","8.4","6.1","23.8","10.1","7.3"
"Argentina","ILO - Modelled Estimates","2005","30.7","13.6","10.2","23.3","10.1","7.3","26.2","11.5","8.5"
"Argentina","ILO - Modelled Estimates","2004","34.5","15.8","11.8","26","11.9","8.8","29.6","13.5","10"
"Argentina","ILO - Modelled Estimates","2003","38.2","17.6","13","29.9","13.8","10.2","33.3","15.4","11.3"
"Argentina","ILO - Modelled Estimates","2002","39.7","18.8","14.1","42","20.1","14.9","41.1","19.6","14.6"
"Argentina","ILO - Modelled Estimates","2001","36.6","17.2","12.9","36.8","17.4","12.9","36.7","17.3","12.9"
"Argentina","ILO - Modelled Estimates","2000","34.9","16.4","12.2","29.8","14","10.4","31.9","15","11.2"
"Argentina","ILO - Modelled Estimates","1999","32.2","15.2","11.4","28","13.3","9.9","29.7","14.1","10.5"
"Argentina","ILO - Modelled Estimates","1998","30","14","10.5","24.8","11.6","8.7","27","12.7","9.4"
"Argentina","ILO - Modelled Estimates","1997","37.8","17.6","13.1","27.4","12.8","9.5","31.7","14.8","11"
"Argentina","ILO - Modelled Estimates","1996","40.8","19.2","14.3","33.1","15.6","11.6","36.3","17.1","12.7"
"Argentina","ILO - Modelled Estimates","1995","46.5","22.2","16.6","34.3","16.4","12.3","39.3","18.8","14"
"Argentina","ILO - Modelled Estimates","1994","29.4","13.9","10.4","21.7","10.2","7.7","24.9","11.8","8.8"
"Argentina","ILO - Modelled Estimates","1993","26.4","12.6","9.3","17.9","8.4","6.3","21.4","10.1","7.5"
"Argentina","ILO - Modelled Estimates","1992","14","6.7","5","13","6.1","4.6","13.4","6.4","4.7"
"Argentina","ILO - Modelled Estimates","1991","12","5.7","4.2","11.1","5.2","3.9","11.4","5.4","4"
"Australia","ILO - Modelled Estimates","2021","9.8","5","4.1","12.6","5.2","3.9","11.2","5.1","4"
"Australia","ILO - Modelled Estimates","2020","13.1","6.4","5","15.3","6.6","5","14.2","6.5","5"
"Australia","ILO - Modelled Estimates","2019","10.6","5.1","4","12.9","5.2","3.8","11.8","5.2","3.9"
"Australia","ILO - Modelled Estimates","2018","10.7","5.3","4.2","12.8","5.3","3.9","11.8","5.3","4"
"Australia","ILO - Modelled Estimates","2017","11.5","5.7","4.5","13.6","5.5","4","12.6","5.6","4.2"
"Australia","ILO - Modelled Estimates","2016","11.4","5.8","4.6","13.8","5.7","4.1","12.6","5.7","4.3"
"Australia","ILO - Modelled Estimates","2015","11.9","6.1","4.8","14.2","6","4.5","13.1","6","4.6"
"Australia","ILO - Modelled Estimates","2014","12.5","6.2","4.8","14.1","6","4.4","13.3","6.1","4.6"
"Australia","ILO - Modelled Estimates","2013","11.4","5.6","4.3","13","5.7","4.3","12.2","5.7","4.3"
"Australia","ILO - Modelled Estimates","2012","10.9","5.3","4.1","12.4","5.1","3.7","11.7","5.2","3.9"
"Australia","ILO - Modelled Estimates","2011","10.8","5.3","4","11.9","4.9","3.5","11.4","5.1","3.7"
"Australia","ILO - Modelled Estimates","2010","11.1","5.4","4","11.9","5.1","3.7","11.5","5.2","3.8"
"Australia","ILO - Modelled Estimates","2009","10.4","5.4","4.2","12.5","5.7","4.3","11.5","5.6","4.2"
"Australia","ILO - Modelled Estimates","2008","8.6","4.6","3.6","9","4","2.9","8.8","4.2","3.2"
"Australia","ILO - Modelled Estimates","2007","9.2","4.8","3.7","9.5","4","2.9","9.4","4.4","3.2"
"Australia","ILO - Modelled Estimates","2006","9.5","4.9","3.8","10.5","4.7","3.4","10","4.8","3.6"
"Australia","ILO - Modelled Estimates","2005","10.3","5.2","3.9","10.9","4.9","3.6","10.6","5","3.7"
"Australia","ILO - Modelled Estimates","2004","10.9","5.5","4.1","11.8","5.3","3.9","11.4","5.4","4"
"Australia","ILO - Modelled Estimates","2003","11.3","6","4.6","12.6","5.9","4.4","12","5.9","4.5"
"Australia","ILO - Modelled Estimates","2002","11.7","6.2","4.7","13.8","6.5","5","12.8","6.4","4.9"
"Australia","ILO - Modelled Estimates","2001","12.3","6.4","4.9","14.6","7","5.3","13.5","6.7","5.1"
"Australia","ILO - Modelled Estimates","2000","11.2","6.1","4.7","12.9","6.5","5.1","12.1","6.3","4.9"
"Australia","ILO - Modelled Estimates","1999","12.4","6.7","5.1","13.7","7","5.6","13.1","6.9","5.4"
"Australia","ILO - Modelled Estimates","1998","13.5","7.3","5.6","15.3","7.9","6.3","14.5","7.7","6"
"Australia","ILO - Modelled Estimates","1997","14.6","8.1","6.2","16.9","8.6","6.7","15.8","8.4","6.5"
"Australia","ILO - Modelled Estimates","1996","14.8","8.2","6.3","16.4","8.7","6.9","15.7","8.5","6.6"
"Australia","ILO - Modelled Estimates","1995","14.8","8.1","6","15.5","8.7","7.1","15.2","8.5","6.6"
"Australia","ILO - Modelled Estimates","1994","16.3","9.4","7.1","17.4","10","8.1","16.9","9.7","7.7"
"Australia","ILO - Modelled Estimates","1993","17.2","10","7.7","19.7","11.5","9.5","18.5","10.9","8.7"
"Australia","ILO - Modelled Estimates","1992","17.6","9.9","7.4","20.7","11.3","8.9","19.3","10.7","8.3"
"Australia","ILO - Modelled Estimates","1991","16.3","9.1","6.7","18.5","9.9","7.7","17.5","9.6","7.3"
"Belarus","ILO - Modelled Estimates","2021","9.5","3.1","2.5","11.3","4.7","4.2","10.4","3.9","3.3"
"Belarus","ILO - Modelled Estimates","2020","10.1","3.3","2.7","13.8","4.8","3.9","12","4","3.3"
"Belarus","ILO - Modelled Estimates","2019","7.4","3.2","2.8","12.9","5.1","4.4","10.2","4.2","3.6"
"Belarus","ILO - Modelled Estimates","2018","8.4","3.6","3.1","12.7","5.9","5.3","10.7","4.8","4.2"
"Belarus","ILO - Modelled Estimates","2017","7.3","4","3.7","11.3","7.2","6.8","9.4","5.7","5.3"
"Belarus","ILO - Modelled Estimates","2016","8.5","4.2","3.8","12.7","7.5","6.9","10.8","5.8","5.3"
"Belarus","ILO - Modelled Estimates","2015","8.7","4.2","3.8","12.8","7.4","6.8","10.8","5.8","5.3"
"Belarus","ILO - Modelled Estimates","2014","8.9","4.4","3.9","13","7.6","7","11.1","6","5.4"
"Belarus","ILO - Modelled Estimates","2013","9","4.4","3.9","13","7.6","6.9","11.1","6","5.4"
"Belarus","ILO - Modelled Estimates","2012","9.1","4.5","4","13.1","7.6","6.9","11.2","6.1","5.4"
"Belarus","ILO - Modelled Estimates","2011","9.3","4.6","4","13.2","7.7","6.9","11.4","6.2","5.5"
"Belarus","ILO - Modelled Estimates","2010","9.5","4.7","4.1","13.3","7.8","7","11.5","6.3","5.5"
"Belarus","ILO - Modelled Estimates","2009","9.4","4.6","4","13.1","7.6","6.7","11.4","6.1","5.3"
"Belarus","ILO - Modelled Estimates","2008","10.7","5.4","4.6","14.8","8.7","7.6","12.9","7","6.1"
"Belarus","ILO - Modelled Estimates","2007","11.8","5.9","5","16.1","9.4","8.2","14.1","7.7","6.6"
"Belarus","ILO - Modelled Estimates","2006","13","6.5","5.5","17.6","10.3","8.9","15.5","8.4","7.2"
"Belarus","ILO - Modelled Estimates","2005","14.1","7","5.9","19","11","9.5","16.8","9","7.7"
"Belarus","ILO - Modelled Estimates","2004","15.4","7.7","6.5","20.6","11.9","10.3","18.2","9.8","8.4"
"Belarus","ILO - Modelled Estimates","2003","16.4","8.1","6.8","21.8","12.5","10.7","19.4","10.3","8.7"
"Belarus","ILO - Modelled Estimates","2002","17.6","8.6","7.2","23.2","13.1","11.2","20.6","10.9","9.2"
"Belarus","ILO - Modelled Estimates","2001","18.9","9.2","7.7","24.6","13.8","11.8","22","11.5","9.8"
"Belarus","ILO - Modelled Estimates","2000","20.2","9.8","8.2","26.2","14.6","12.5","23.5","12.3","10.4"
"Belarus","ILO - Modelled Estimates","1999","21.4","10.3","8.6","27.6","15.2","13","24.7","12.8","10.8"
"Belarus","ILO - Modelled Estimates","1998","23.4","11.3","9.4","30","16.6","14.2","27","14","11.8"
"Belarus","ILO - Modelled Estimates","1997","28.7","13.8","11.5","36.7","20.2","17.2","33","17.1","14.4"
"Belarus","ILO - Modelled Estimates","1996","41.7","19.9","16.4","53.1","28.7","24.3","47.8","24.4","20.4"
"Belarus","ILO - Modelled Estimates","1995","31.1","14.5","11.8","39.3","20.7","17.5","35.5","17.7","14.7"
"Belarus","ILO - Modelled Estimates","1994","22.8","10.5","8.6","28.6","15","12.6","25.9","12.8","10.6"
"Belarus","ILO - Modelled Estimates","1993","15.3","7","5.8","19","9.9","8.4","17.3","8.5","7.1"
"Belarus","ILO - Modelled Estimates","1992","5.7","2.6","2.1","7","3.6","3","6.4","3.1","2.6"
"Belarus","ILO - Modelled Estimates","1991","1.1","0.5","0.4","1.3","0.7","0.6","1.2","0.6","0.5"
"Brazil","ILO - Modelled Estimates","2021","33.8","16.7","13.1","24.4","10.8","8","28.5","13.3","10.2"
"Brazil","ILO - Modelled Estimates","2020","35.6","16.6","12.7","26.7","12","9","30.5","13.9","10.6"
"Brazil","ILO - Modelled Estimates","2019","32","14.5","10.7","23.4","10.2","7.3","27.2","12.1","8.8"
"Brazil","ILO - Modelled Estimates","2018","32.3","14.6","10.7","24.7","10.8","7.8","28","12.5","9"
"Brazil","ILO - Modelled Estimates","2017","33.2","15.1","11","25.1","11.3","8.2","28.7","12.9","9.4"
"Brazil","ILO - Modelled Estimates","2016","31.1","13.8","9.9","23.4","10.2","7.3","26.7","11.7","8.4"
"Brazil","ILO - Modelled Estimates","2015","23.6","10.3","7.3","16.4","7.2","5.2","19.5","8.6","6.1"
"Brazil","ILO - Modelled Estimates","2014","18.9","8.3","5.9","13","5.6","3.9","15.4","6.8","4.7"
"Brazil","ILO - Modelled Estimates","2013","19.4","9","6.5","13","5.7","3.9","15.6","7.1","5"
"Brazil","ILO - Modelled Estimates","2012","19.8","9.2","6.6","12.9","5.8","4","15.8","7.2","5.1"
"Brazil","ILO - Modelled Estimates","2011","21.7","10.4","7.4","13.2","5.5","3.5","16.8","7.6","5.1"
"Brazil","ILO - Modelled Estimates","2010","22.7","11","7.7","13.6","5.9","3.7","17.5","8","5.4"
"Brazil","ILO - Modelled Estimates","2009","25.5","12.7","9","15.3","7","4.6","19.6","9.4","6.5"
"Brazil","ILO - Modelled Estimates","2008","22.7","11.2","7.8","13.5","6.1","3.8","17.4","8.3","5.5"
"Brazil","ILO - Modelled Estimates","2007","24.3","12.5","8.8","14.5","6.9","4.5","18.7","9.3","6.3"
"Brazil","ILO - Modelled Estimates","2006","25.5","12.8","8.7","15.6","7.4","4.8","19.8","9.7","6.5"
"Brazil","ILO - Modelled Estimates","2005","27.3","14","9.5","16.8","8","5","21.3","10.6","6.9"
"Brazil","ILO - Modelled Estimates","2004","25.7","13.3","9.2","15.7","7.7","5","19.9","10.1","6.7"
"Brazil","ILO - Modelled Estimates","2003","27.1","14.3","9.9","17.1","8.9","6.1","21.3","11.2","7.7"
"Brazil","ILO - Modelled Estimates","2002","25.8","13.7","9.4","16.7","8.5","5.6","20.5","10.6","7.2"
"Brazil","ILO - Modelled Estimates","2001","25.1","13.8","9.8","16.4","8.5","5.7","20","10.7","7.4"
"Brazil","ILO - Modelled Estimates","2000","25","13.8","9.7","16.2","8.3","5.6","19.8","10.5","7.2"
"Brazil","ILO - Modelled Estimates","1999","26.2","14.7","10.3","16.8","8.8","5.9","20.6","11.1","7.6"
"Brazil","ILO - Modelled Estimates","1998","25","13.7","9.3","15.4","7.9","5.2","19.2","10.2","6.8"
"Brazil","ILO - Modelled Estimates","1997","21.4","12.1","8.5","13.5","7.1","4.7","16.6","9","6.1"
"Brazil","ILO - Modelled Estimates","1996","18.8","10.7","7.5","11.8","6.4","4.4","14.6","8","5.5"
"Brazil","ILO - Modelled Estimates","1995","16.6","9.1","6","11","5.9","3.9","13.2","7.1","4.7"
"Brazil","ILO - Modelled Estimates","1994","15.2","8.1","5.3","10.3","5.5","3.6","12.2","6.5","4.2"
"Brazil","ILO - Modelled Estimates","1993","14","7.4","4.7","9.8","5.2","3.4","11.4","6","3.9"
"Brazil","ILO - Modelled Estimates","1992","14.8","8.1","5.2","10","5.5","3.7","11.8","6.4","4.2"
"Brazil","ILO - Modelled Estimates","1991","14.6","8","5.1","9.9","5.5","3.6","11.6","6.4","4.1"
"Bhutan","ILO - Modelled Estimates","2021","17.6","4.8","2.9","13.4","3.3","2.3","15.5","3.9","2.5"
"Bhutan","ILO - Modelled Estimates","2020","23.7","6.2","3.5","18.9","4.3","2.8","21.2","5","3.1"
"Bhutan","ILO - Modelled Estimates","2019","12.6","3.3","1.9","9.6","2.3","1.5","11.1","2.7","1.6"
"Bhutan","ILO - Modelled Estimates","2018","14.6","4.2","2.5","14.8","2.7","1.4","14.7","3.4","1.8"
"Bhutan","ILO - Modelled Estimates","2017","13.8","3.9","2.2","12.4","2.5","1.3","13.1","3.1","1.6"
"Bhutan","ILO - Modelled Estimates","2016","13.2","3.6","1.9","10.2","2.2","1.2","11.6","2.8","1.5"
"Bhutan","ILO - Modelled Estimates","2015","12.4","3.3","1.5","8","1.9","1.1","10.1","2.5","1.3"
"Bhutan","ILO - Modelled Estimates","2014","9.8","3.6","2.5","8.3","2","1.2","9","2.6","1.7"
"Bhutan","ILO - Modelled Estimates","2013","9.8","3.8","2.6","9","2.2","1.3","9.4","2.9","1.8"
"Bhutan","ILO - Modelled Estimates","2012","7","2.2","1.2","6.9","1.9","1.1","7","2","1.1"
"Bhutan","ILO - Modelled Estimates","2011","11.2","4.9","3.2","6.6","2","1.1","8.9","3.2","2"
"Bhutan","ILO - Modelled Estimates","2010","10.9","4.1","2.3","7","2.8","1.9","8.8","3.3","2"
"Bhutan","ILO - Modelled Estimates","2009","14.3","5.6","2.3","10.4","2.7","0.9","12.4","4","1.5"
"Bhutan","ILO - Modelled Estimates","2008","12.9","5.1","2.1","10.3","2.8","0.9","11.6","3.7","1.4"
"Bhutan","ILO - Modelled Estimates","2007","11.9","4.7","2","10.5","2.9","0.9","11.2","3.7","1.4"
"Bhutan","ILO - Modelled Estimates","2006","9.5","3.8","1.5","9.4","2.6","0.8","9.4","3.1","1.1"
"Bhutan","ILO - Modelled Estimates","2005","8.3","3.3","1.3","10.2","2.9","0.9","9.3","3.1","1.1"
"Bhutan","ILO - Modelled Estimates","2004","8.4","3.3","1.3","6.5","1.9","0.6","7.4","2.5","0.9"
"Bhutan","ILO - Modelled Estimates","2003","6.4","2.5","1","4.4","1.3","0.4","5.3","1.8","0.6"
"Bhutan","ILO - Modelled Estimates","2002","7","2.7","1.1","4.2","1.3","0.4","5.5","1.9","0.7"
"Bhutan","ILO - Modelled Estimates","2001","7.6","2.9","1.2","4","1.2","0.3","5.6","1.9","0.7"
"Bhutan","ILO - Modelled Estimates","2000","5.9","2.3","0.9","4","1.2","0.3","4.9","1.6","0.6"
"Bhutan","ILO - Modelled Estimates","1999","4.3","1.6","0.7","4.2","1.2","0.4","4.2","1.4","0.5"
"Bhutan","ILO - Modelled Estimates","1998","3.7","1.4","0.6","4.8","1.4","0.4","4.3","1.4","0.5"
"Bhutan","ILO - Modelled Estimates","1997","3.8","1.4","0.6","4.8","1.4","0.4","4.3","1.4","0.5"
"Bhutan","ILO - Modelled Estimates","1996","3.9","1.5","0.6","4.8","1.4","0.4","4.4","1.4","0.5"
"Bhutan","ILO - Modelled Estimates","1995","4","1.5","0.6","4.8","1.4","0.4","4.5","1.5","0.5"
"Bhutan","ILO - Modelled Estimates","1994","4","1.5","0.6","4.8","1.4","0.4","4.5","1.5","0.5"
"Bhutan","ILO - Modelled Estimates","1993","4","1.5","0.6","4.8","1.4","0.4","4.5","1.5","0.5"
"Bhutan","ILO - Modelled Estimates","1992","4.1","1.6","0.7","4.8","1.4","0.4","4.5","1.5","0.5"
"Bhutan","ILO - Modelled Estimates","1991","4.1","1.6","0.6","4.8","1.4","0.4","4.5","1.5","0.5"
"Central African Republic","ILO - Modelled Estimates","2021","12","7.3","5","10","5.8","4.1","11","6.5","4.5"
"Central African Republic","ILO - Modelled Estimates","2020","12.2","7","4.6","10.3","5.9","4","11.2","6.4","4.3"
"Central African Republic","ILO - Modelled Estimates","2019","10.9","6.5","4.3","9.3","5.2","3.5","10.1","5.8","3.9"
"Central African Republic","ILO - Modelled Estimates","2018","10.9","6.4","4.3","9.2","5.1","3.5","10","5.7","3.8"
"Central African Republic","ILO - Modelled Estimates","2017","11.2","6.5","4.3","9.4","5.1","3.4","10.2","5.8","3.8"
"Central African Republic","ILO - Modelled Estimates","2016","11.3","6.6","4.4","9.2","5.1","3.4","10.2","5.7","3.8"
"Central African Republic","ILO - Modelled Estimates","2015","11.4","6.6","4.4","9.3","5","3.4","10.3","5.7","3.8"
"Central African Republic","ILO - Modelled Estimates","2014","11.2","6.5","4.3","9.1","4.9","3.2","10.1","5.6","3.7"
"Central African Republic","ILO - Modelled Estimates","2013","11.2","6.4","4.3","8.9","4.7","3.1","10","5.5","3.6"
"Central African Republic","ILO - Modelled Estimates","2012","11.3","6.4","4.3","8.9","4.6","3.1","10","5.4","3.6"
"Central African Republic","ILO - Modelled Estimates","2011","11.4","6.5","4.3","9","4.6","3.1","10.1","5.5","3.6"
"Central African Republic","ILO - Modelled Estimates","2010","11.7","6.5","4.4","9.2","4.7","3.1","10.4","5.5","3.7"
"Central African Republic","ILO - Modelled Estimates","2009","10.9","6.2","4.2","8.8","4.5","3","9.8","5.3","3.5"
"Central African Republic","ILO - Modelled Estimates","2008","10.7","6.1","4.1","8.8","4.5","3","9.7","5.2","3.5"
"Central African Republic","ILO - Modelled Estimates","2007","10.8","6.1","4.1","8.9","4.6","3.1","9.8","5.3","3.5"
"Central African Republic","ILO - Modelled Estimates","2006","10.8","6.1","4.2","9","4.6","3.1","9.9","5.3","3.6"
"Central African Republic","ILO - Modelled Estimates","2005","11","6.2","4.2","9.1","4.7","3.2","10","5.3","3.6"
"Central African Republic","ILO - Modelled Estimates","2004","10.9","6.1","4.2","9.2","4.7","3.2","10.1","5.3","3.6"
"Central African Republic","ILO - Modelled Estimates","2003","11.1","6.1","4.2","9.4","4.8","3.2","10.2","5.4","3.7"
"Central African Republic","ILO - Modelled Estimates","2002","11","6.1","4.1","9.5","4.8","3.3","10.2","5.4","3.6"
"Central African Republic","ILO - Modelled Estimates","2001","10.9","6","4.1","9.6","4.8","3.3","10.2","5.3","3.6"
"Central African Republic","ILO - Modelled Estimates","2000","10.6","5.8","4","9.8","4.9","3.4","10.2","5.3","3.6"
"Central African Republic","ILO - Modelled Estimates","1999","10.8","5.9","4.1","9.9","4.9","3.4","10.3","5.4","3.7"
"Central African Republic","ILO - Modelled Estimates","1998","10.8","5.9","4.1","10","5","3.5","10.4","5.4","3.8"
"Central African Republic","ILO - Modelled Estimates","1997","10.9","6","4.2","10.1","5","3.5","10.5","5.5","3.8"
"Central African Republic","ILO - Modelled Estimates","1996","10.9","6","4.2","10.1","5.1","3.6","10.5","5.5","3.8"
"Central African Republic","ILO - Modelled Estimates","1995","10.8","5.9","4.1","10.1","5.1","3.6","10.4","5.4","3.8"
"Central African Republic","ILO - Modelled Estimates","1994","10.8","5.9","4.2","10.1","5.1","3.6","10.4","5.5","3.9"
"Central African Republic","ILO - Modelled Estimates","1993","10.7","5.9","4.1","10.1","5.1","3.6","10.4","5.5","3.9"
"Central African Republic","ILO - Modelled Estimates","1992","10.6","5.9","4.1","10","5.1","3.6","10.3","5.4","3.8"
"Central African Republic","ILO - Modelled Estimates","1991","10.4","5.8","4","9.8","5","3.6","10.1","5.4","3.8"
"Canada","ILO - Modelled Estimates","2021","12.4","7.2","6.3","14.6","7.7","6.6","13.5","7.5","6.5"
"Canada","ILO - Modelled Estimates","2020","19.3","9.4","7.7","20.8","9.5","7.8","20.1","9.5","7.8"
"Canada","ILO - Modelled Estimates","2019","9.6","5.2","4.5","12.3","6","5","11","5.7","4.8"
"Canada","ILO - Modelled Estimates","2018","9.6","5.5","4.8","12.5","6.1","5.1","11.1","5.8","5"
"Canada","ILO - Modelled Estimates","2017","9.9","5.8","5.2","13.2","6.8","5.7","11.6","6.3","5.5"
"Canada","ILO - Modelled Estimates","2016","11.3","6.2","5.4","14.8","7.7","6.5","13.1","7","6"
"Canada","ILO - Modelled Estimates","2015","11.3","6.3","5.4","15","7.5","6.2","13.2","6.9","5.8"
"Canada","ILO - Modelled Estimates","2014","11.9","6.4","5.4","15","7.4","6.1","13.5","6.9","5.8"
"Canada","ILO - Modelled Estimates","2013","12.3","6.6","5.6","15.2","7.5","6.2","13.8","7.1","5.9"
"Canada","ILO - Modelled Estimates","2012","12.7","6.8","5.7","16.1","7.7","6.3","14.5","7.3","6"
"Canada","ILO - Modelled Estimates","2011","12.4","7","6","16.1","8","6.5","14.3","7.5","6.3"
"Canada","ILO - Modelled Estimates","2010","12.5","7.2","6.2","17.3","8.8","7.3","14.9","8.1","6.8"
"Canada","ILO - Modelled Estimates","2009","12.2","7","6","18.3","9.5","8","15.3","8.3","7"
"Canada","ILO - Modelled Estimates","2008","10.1","5.7","4.7","13","6.6","5.4","11.6","6.1","5.1"
"Canada","ILO - Modelled Estimates","2007","10.1","5.7","4.8","12.3","6.4","5.3","11.2","6","5"
"Canada","ILO - Modelled Estimates","2006","10.4","6.1","5.2","12.9","6.5","5.3","11.7","6.3","5.3"
"Canada","ILO - Modelled Estimates","2005","10.6","6.5","5.6","14.1","7","5.7","12.4","6.8","5.7"
"Canada","ILO - Modelled Estimates","2004","11.8","6.9","5.8","15","7.5","6.1","13.5","7.2","5.9"
"Canada","ILO - Modelled Estimates","2003","11.8","7.2","6.2","15.3","7.9","6.5","13.6","7.6","6.4"
"Canada","ILO - Modelled Estimates","2002","11.7","7.1","6.2","15.4","8.1","6.7","13.6","7.7","6.5"
"Canada","ILO - Modelled Estimates","2001","11.1","6.9","6","14.5","7.5","6.2","12.9","7.2","6.1"
"Canada","ILO - Modelled Estimates","2000","11.4","6.7","5.7","13.9","6.9","5.6","12.7","6.8","5.7"
"Canada","ILO - Modelled Estimates","1999","12.7","7.3","6.2","15.3","7.8","6.4","14.1","7.6","6.3"
"Canada","ILO - Modelled Estimates","1998","13.6","8","6.9","16.6","8.5","7.1","15.2","8.3","7"
"Canada","ILO - Modelled Estimates","1997","15.3","8.9","7.6","17.1","9.2","7.8","16.3","9.1","7.7"
"Canada","ILO - Modelled Estimates","1996","13.8","9.3","8.4","16.9","9.9","8.6","15.4","9.6","8.5"
"Canada","ILO - Modelled Estimates","1995","13.2","9.1","8.2","16.4","9.8","8.6","14.9","9.5","8.4"
"Canada","ILO - Modelled Estimates","1994","13.7","9.8","8.9","17.9","10.9","9.5","15.9","10.4","9.3"
"Canada","ILO - Modelled Estimates","1993","14.4","10.7","9.8","19.7","12","10.4","17.2","11.4","10.2"
"Canada","ILO - Modelled Estimates","1992","14.5","10.2","9.2","19.7","12","10.4","17.2","11.2","9.9"
"Canada","ILO - Modelled Estimates","1991","12.9","9.7","8.9","18.5","10.8","9.2","15.9","10.3","9.1"
"Chile","ILO - Modelled Estimates","2021","22.7","9.6","8.5","19","9.1","8.3","20.6","9.3","8.4"
"Chile","ILO - Modelled Estimates","2020","26.4","11.4","10","23.6","11","9.9","24.8","11.1","9.9"
"Chile","ILO - Modelled Estimates","2019","20","8","6.6","19.1","6.7","5.5","19.5","7.3","6"
"Chile","ILO - Modelled Estimates","2018","19.7","8","6.5","16.7","6.7","5.6","18","7.2","6"
"Chile","ILO - Modelled Estimates","2017","18.4","7.4","6.1","16.2","6.6","5.5","17.1","7","5.8"
"Chile","ILO - Modelled Estimates","2016","17.7","7.3","5.9","14.8","6.4","5.3","16","6.7","5.6"
"Chile","ILO - Modelled Estimates","2015","18.5","7.1","5.6","14.4","6","5","16.1","6.5","5.2"
"Chile","ILO - Modelled Estimates","2014","19.9","7.1","5.3","15","6.3","5.2","17","6.7","5.2"
"Chile","ILO - Modelled Estimates","2013","19.5","7.2","5.4","14.6","5.5","4.3","16.7","6.2","4.7"
"Chile","ILO - Modelled Estimates","2012","19.3","8.1","6.4","14.9","5.6","4.3","16.8","6.6","5.1"
"Chile","ILO - Modelled Estimates","2011","21.1","8.8","6.9","15.7","6.3","4.9","17.9","7.3","5.7"
"Chile","ILO - Modelled Estimates","2010","21.8","9.9","8","17.3","7.4","5.9","19.1","8.4","6.7"
"Chile","ILO - Modelled Estimates","2009","31.2","13.4","10.3","23.6","10","7.8","26.7","11.3","8.8"
"Chile","ILO - Modelled Estimates","2008","29.5","12.1","9","20","7.5","5.4","23.7","9.3","6.8"
"Chile","ILO - Modelled Estimates","2007","26.8","10.9","8.1","18.2","7","5.2","21.6","8.4","6.3"
"Chile","ILO - Modelled Estimates","2006","27.7","11.8","9","18.5","7.4","5.7","22.1","9","6.9"
"Chile","ILO - Modelled Estimates","2005","30.3","12.3","8.9","18.7","7.6","5.9","23.4","9.3","7"
"Chile","ILO - Modelled Estimates","2004","31.3","13","9.6","20.2","8.6","6.7","24.5","10.2","7.7"
"Chile","ILO - Modelled Estimates","2003","31.6","12","8.4","20.6","8.6","6.6","24.7","9.8","7.2"
"Chile","ILO - Modelled Estimates","2002","30.7","11.8","8.3","21.7","9.3","7.2","24.9","10.2","7.6"
"Chile","ILO - Modelled Estimates","2001","29.5","11.9","8.5","21.7","9.6","7.5","24.5","10.4","7.8"
"Chile","ILO - Modelled Estimates","2000","31","12.5","8.6","20.9","9.5","7.4","24.7","10.5","7.8"
"Chile","ILO - Modelled Estimates","1999","31.4","13.1","9.2","21.8","10.1","7.9","25.3","11.2","8.4"
"Chile","ILO - Modelled Estimates","1998","22.8","9.3","6.3","15","6.3","4.6","17.8","7.3","5.1"
"Chile","ILO - Modelled Estimates","1997","23.4","9.6","6.2","14.1","5.9","4.2","17.6","7.1","4.8"
"Chile","ILO - Modelled Estimates","1996","23.5","10","6.6","14.7","6.1","4.3","17.8","7.4","5"
"Chile","ILO - Modelled Estimates","1995","12","5.2","3.5","10.2","4.4","3.1","10.8","4.7","3.2"
"Chile","ILO - Modelled Estimates","1994","14.8","6.8","4.6","11.8","5.4","4","12.8","5.9","4.2"
"Chile","ILO - Modelled Estimates","1993","11.5","5.1","3.3","10","4.2","2.8","10.5","4.5","3"
"Chile","ILO - Modelled Estimates","1992","12.1","5.3","3.3","9.2","3.9","2.6","10.2","4.3","2.8"
"Chile","ILO - Modelled Estimates","1991","13.6","5.7","3.2","11","5","3.5","11.9","5.2","3.4"
"China","ILO - Modelled Estimates","2021","11.2","4","3.2","13.4","5","4.1","12.4","4.6","3.7"
"China","ILO - Modelled Estimates","2020","11.4","4.3","3.6","13.7","5.5","4.6","12.7","5","4.1"
"China","ILO - Modelled Estimates","2019","9.6","4","3.3","11.6","5.1","4.3","10.7","4.6","3.8"
"China","ILO - Modelled Estimates","2018","8.7","3.7","3.2","10.5","4.8","4.1","9.7","4.3","3.7"
"China","ILO - Modelled Estimates","2017","9.4","3.9","3.2","11.3","4.9","4.1","10.5","4.5","3.7"
"China","ILO - Modelled Estimates","2016","9.5","4","3.2","11.5","5","4.2","10.6","4.6","3.8"
"China","ILO - Modelled Estimates","2015","9.6","4","3.3","11.6","5.1","4.2","10.7","4.7","3.8"
"China","ILO - Modelled Estimates","2014","9.4","4","3.2","11.4","5.1","4.2","10.5","4.6","3.7"
"China","ILO - Modelled Estimates","2013","9.2","4","3.1","11.3","5.1","4.1","10.3","4.6","3.7"
"China","ILO - Modelled Estimates","2012","9","4","3.1","11.1","5.1","4","10.2","4.6","3.6"
"China","ILO - Modelled Estimates","2011","8.9","3.9","3","10.9","5","4","10","4.6","3.5"
"China","ILO - Modelled Estimates","2010","8.7","3.9","3","10.8","5","3.9","9.8","4.5","3.5"
"China","ILO - Modelled Estimates","2009","9","4.1","3.1","11.1","5.2","4","10.1","4.7","3.6"
"China","ILO - Modelled Estimates","2008","8.7","4","2.9","10.8","5.1","3.9","9.8","4.6","3.5"
"China","ILO - Modelled Estimates","2007","8.1","3.8","2.8","10.2","4.8","3.7","9.2","4.3","3.3"
"China","ILO - Modelled Estimates","2006","8.2","3.8","2.8","10.3","4.9","3.7","9.3","4.4","3.3"
"China","ILO - Modelled Estimates","2005","8.4","3.9","2.8","10.5","5","3.8","9.5","4.5","3.4"
"China","ILO - Modelled Estimates","2004","8.3","3.9","2.8","10.4","5","3.8","9.4","4.5","3.3"
"China","ILO - Modelled Estimates","2003","8.5","4","2.9","10.7","5.1","3.9","9.6","4.6","3.4"
"China","ILO - Modelled Estimates","2002","7.8","3.7","2.7","9.9","4.7","3.6","8.9","4.2","3.2"
"China","ILO - Modelled Estimates","2001","7","3.3","2.4","8.9","4.2","3.2","8","3.8","2.8"
"China","ILO - Modelled Estimates","2000","6","2.8","2","7.6","3.6","2.7","6.8","3.3","2.4"
"China","ILO - Modelled Estimates","1999","5.9","2.8","2","7.5","3.6","2.7","6.8","3.2","2.4"
"China","ILO - Modelled Estimates","1998","5.8","2.8","2","7.4","3.6","2.7","6.7","3.2","2.4"
"China","ILO - Modelled Estimates","1997","5.8","2.8","1.9","7.3","3.6","2.7","6.6","3.2","2.3"
"China","ILO - Modelled Estimates","1996","5.5","2.7","1.9","7","3.5","2.5","6.3","3.1","2.2"
"China","ILO - Modelled Estimates","1995","5.2","2.6","1.7","6.7","3.3","2.4","5.9","3","2.1"
"China","ILO - Modelled Estimates","1994","4.9","2.5","1.7","6.3","3.2","2.3","5.6","2.9","2"
"China","ILO - Modelled Estimates","1993","4.5","2.3","1.5","5.8","3","2.1","5.1","2.7","1.8"
"China","ILO - Modelled Estimates","1992","3.8","2.1","1.3","5","2.6","1.8","4.4","2.4","1.6"
"China","ILO - Modelled Estimates","1991","3.8","2.1","1.3","4.9","2.6","1.8","4.4","2.4","1.6"
"Czechia","ILO - Modelled Estimates","2021","9.1","3.4","3.2","7.6","2.3","2","8.2","2.8","2.5"
"Czechia","ILO - Modelled Estimates","2020","9.1","3","2.7","7.2","2.2","1.9","7.9","2.5","2.3"
"Czechia","ILO - Modelled Estimates","2019","6","2.4","2.2","5.3","1.7","1.5","5.6","2","1.8"
"Czechia","ILO - Modelled Estimates","2018","7.2","2.8","2.6","6.4","1.8","1.5","6.7","2.2","2"
"Czechia","ILO - Modelled Estimates","2017","8.8","3.6","3.3","7.4","2.3","2","7.9","2.9","2.6"
"Czechia","ILO - Modelled Estimates","2016","11.4","4.7","4.3","9.9","3.4","2.9","10.5","4","3.5"
"Czechia","ILO - Modelled Estimates","2015","14.4","6.1","5.5","11.3","4.2","3.7","12.6","5","4.5"
"Czechia","ILO - Modelled Estimates","2014","17.1","7.4","6.8","15","5.1","4.3","15.9","6.1","5.4"
"Czechia","ILO - Modelled Estimates","2013","19.5","8.3","7.5","18.6","5.9","4.9","19","7","6.1"
"Czechia","ILO - Modelled Estimates","2012","19","8.2","7.5","19.9","6","4.9","19.5","7","6"
"Czechia","ILO - Modelled Estimates","2011","17.9","7.9","7.2","18.1","5.8","4.8","18.1","6.7","5.8"
"Czechia","ILO - Modelled Estimates","2010","18.5","8.5","7.7","18.3","6.4","5.3","18.4","7.3","6.4"
"Czechia","ILO - Modelled Estimates","2009","16.7","7.7","7","16.6","5.8","4.9","16.7","6.7","5.8"
"Czechia","ILO - Modelled Estimates","2008","9.9","5.6","5.3","9.8","3.5","2.9","9.9","4.4","3.9"
"Czechia","ILO - Modelled Estimates","2007","11","6.7","6.4","10.6","4.2","3.6","10.7","5.3","4.8"
"Czechia","ILO - Modelled Estimates","2006","18.7","8.9","8","16.6","5.8","4.7","17.5","7.2","6.2"
"Czechia","ILO - Modelled Estimates","2005","19.1","9.8","8.9","19.3","6.5","5.1","19.2","7.9","6.8"
"Czechia","ILO - Modelled Estimates","2004","17.9","9.7","8.8","21.3","7.1","5.6","19.8","8.2","7"
"Czechia","ILO - Modelled Estimates","2003","17.5","9.7","8.8","16.1","5.9","4.7","16.7","7.5","6.5"
"Czechia","ILO - Modelled Estimates","2002","15","8.6","7.8","15.6","5.8","4.6","15.3","7","6"
"Czechia","ILO - Modelled Estimates","2001","16.2","9.6","8.7","16.3","6.7","5.4","16.2","8","6.8"
"Czechia","ILO - Modelled Estimates","2000","16.5","10.5","9.6","17.3","7.3","5.8","16.9","8.8","7.5"
"Czechia","ILO - Modelled Estimates","1999","17","10.1","9","16.1","7.2","5.6","16.5","8.5","7.1"
"Czechia","ILO - Modelled Estimates","1998","12.8","7.5","6.7","9.3","4.6","3.7","10.8","5.9","5"
"Czechia","ILO - Modelled Estimates","1997","7.2","5.1","4.8","6.7","3.6","3","6.9","4.3","3.8"
"Czechia","ILO - Modelled Estimates","1996","8.3","4.7","4","6.4","3.3","2.6","7.2","3.9","3.2"
"Czechia","ILO - Modelled Estimates","1995","8.7","4.8","4.1","7.1","3.4","2.6","7.8","4","3.3"
"Czechia","ILO - Modelled Estimates","1994","9.9","5.2","4.3","7.9","3.6","2.6","8.7","4.3","3.4"
"Czechia","ILO - Modelled Estimates","1993","10.5","5.4","4.5","7","3.4","2.7","8.4","4.3","3.5"
"Czechia","ILO - Modelled Estimates","1992","5.9","3.1","2.5","4.5","2.2","1.8","5.1","2.6","2.1"
"Czechia","ILO - Modelled Estimates","1991","4.2","2.1","1.7","5","2.4","1.9","4.7","2.3","1.8"
"Ethiopia","ILO - Modelled Estimates","2021","8.1","5.1","3.8","4.4","2.9","2.2","6.1","3.9","3"
"Ethiopia","ILO - Modelled Estimates","2020","8.6","5.3","3.7","4.9","3.1","2.4","6.6","4.1","3"
"Ethiopia","ILO - Modelled Estimates","2019","6.9","4.3","3.1","3.7","2.3","1.7","5.2","3.2","2.3"
"Ethiopia","ILO - Modelled Estimates","2018","6.5","4.1","2.9","3.5","2.2","1.6","4.9","3.1","2.2"
"Ethiopia","ILO - Modelled Estimates","2017","6","3.8","2.8","3.3","2.1","1.5","4.6","2.9","2.1"
"Ethiopia","ILO - Modelled Estimates","2016","5.6","3.6","2.6","3.1","2","1.4","4.3","2.7","2"
"Ethiopia","ILO - Modelled Estimates","2015","5.2","3.4","2.5","2.9","1.9","1.3","4","2.6","1.9"
"Ethiopia","ILO - Modelled Estimates","2014","4.8","3.2","2.3","2.8","1.8","1.3","3.7","2.4","1.7"
"Ethiopia","ILO - Modelled Estimates","2013","4.4","3","2.2","2.6","1.7","1.2","3.4","2.2","1.6"
"Ethiopia","ILO - Modelled Estimates","2012","4.5","3","2.2","2.6","1.7","1.2","3.5","2.3","1.7"
"Ethiopia","ILO - Modelled Estimates","2011","4.5","3","2.3","2.6","1.7","1.2","3.5","2.3","1.7"
"Ethiopia","ILO - Modelled Estimates","2010","4.5","3.1","2.3","2.6","1.7","1.3","3.5","2.3","1.7"
"Ethiopia","ILO - Modelled Estimates","2009","4.6","3.1","2.4","2.6","1.8","1.3","3.5","2.4","1.8"
"Ethiopia","ILO - Modelled Estimates","2008","4.6","3.2","2.4","2.6","1.8","1.3","3.5","2.4","1.8"
"Ethiopia","ILO - Modelled Estimates","2007","4.6","3.2","2.5","2.6","1.8","1.4","3.5","2.4","1.9"
"Ethiopia","ILO - Modelled Estimates","2006","4.7","3.3","2.5","2.6","1.8","1.4","3.6","2.5","1.9"
"Ethiopia","ILO - Modelled Estimates","2005","4.7","3.3","2.6","2.6","1.8","1.4","3.6","2.5","2"
"Ethiopia","ILO - Modelled Estimates","2004","5.1","3.6","2.8","2.8","2","1.5","3.9","2.7","2.1"
"Ethiopia","ILO - Modelled Estimates","2003","5.7","3.9","3.1","3.1","2.2","1.7","4.3","3","2.3"
"Ethiopia","ILO - Modelled Estimates","2002","6.1","4.2","3.2","3.2","2.3","1.8","4.5","3.1","2.5"
"Ethiopia","ILO - Modelled Estimates","2001","6.5","4.4","3.4","3.4","2.4","1.9","4.8","3.3","2.6"
"Ethiopia","ILO - Modelled Estimates","2000","6.9","4.7","3.6","3.6","2.5","2","5.1","3.5","2.7"
"Ethiopia","ILO - Modelled Estimates","1999","7.4","5","3.8","3.8","2.7","2.2","5.4","3.7","2.9"
"Ethiopia","ILO - Modelled Estimates","1998","7","4.7","3.6","3.9","2.8","2.3","5.3","3.7","2.8"
"Ethiopia","ILO - Modelled Estimates","1997","6.4","4.3","3.2","4","2.8","2.2","5.1","3.5","2.7"
"Ethiopia","ILO - Modelled Estimates","1996","5.8","3.9","2.9","4.1","2.8","2.2","4.9","3.3","2.5"
"Ethiopia","ILO - Modelled Estimates","1995","5.4","3.6","2.7","4.2","2.9","2.3","4.8","3.2","2.4"
"Ethiopia","ILO - Modelled Estimates","1994","4.9","3.3","2.4","4.4","3","2.3","4.6","3.1","2.4"
"Ethiopia","ILO - Modelled Estimates","1993","4.8","3.2","2.3","4.3","2.9","2.2","4.6","3","2.3"
"Ethiopia","ILO - Modelled Estimates","1992","5","3.3","2.5","4.5","3","2.4","4.7","3.2","2.4"
"Ethiopia","ILO - Modelled Estimates","1991","5","3.3","2.4","4.5","3","2.3","4.7","3.1","2.4"
"France","ILO - Modelled Estimates","2021","18.8","7.8","6.6","18.9","8","6.7","18.9","7.9","6.6"
"France","ILO - Modelled Estimates","2020","20","8","6.8","20.3","8.1","6.7","20.2","8","6.8"
"France","ILO - Modelled Estimates","2019","18.1","8.3","7.4","20.7","8.5","7.1","19.5","8.4","7.2"
"France","ILO - Modelled Estimates","2018","19.9","9.1","8","21.5","9","7.5","20.8","9","7.8"
"France","ILO - Modelled Estimates","2017","21.2","9.4","8.2","22.9","9.4","7.9","22.1","9.4","8.1"
"France","ILO - Modelled Estimates","2016","24","9.9","8.5","24.9","10.2","8.6","24.5","10.1","8.5"
"France","ILO - Modelled Estimates","2015","23.4","9.9","8.6","25.7","10.8","9.1","24.7","10.3","8.8"
"France","ILO - Modelled Estimates","2014","23.1","10","8.8","25.1","10.5","8.9","24.2","10.3","8.9"
"France","ILO - Modelled Estimates","2013","24.4","9.8","8.3","23.7","10","8.5","24","9.9","8.4"
"France","ILO - Modelled Estimates","2012","23.1","9.4","8","24","9.4","7.8","23.6","9.4","7.9"
"France","ILO - Modelled Estimates","2011","22.6","9.1","7.7","21.3","8.5","7","21.9","8.8","7.3"
"France","ILO - Modelled Estimates","2010","23","9.1","7.6","22","8.7","7","22.5","8.9","7.3"
"France","ILO - Modelled Estimates","2009","21.6","8.8","7.4","23.9","8.7","6.8","22.9","8.7","7.1"
"France","ILO - Modelled Estimates","2008","18","7.4","6.3","18.4","6.7","5.3","18.2","7.1","5.7"
"France","ILO - Modelled Estimates","2007","19.4","8.1","6.8","18.2","7.3","5.9","18.8","7.7","6.3"
"France","ILO - Modelled Estimates","2006","22.5","9.1","7.6","20.3","7.9","6.3","21.3","8.4","6.9"
"France","ILO - Modelled Estimates","2005","21.2","9.3","7.9","19.4","7.8","6.3","20.2","8.5","7.1"
"France","ILO - Modelled Estimates","2004","19.7","9.9","8.8","19.7","8.1","6.7","19.7","8.9","7.7"
"France","ILO - Modelled Estimates","2003","18.1","9.1","8.1","16.4","7.6","6.5","17.2","8.3","7.3"
"France","ILO - Modelled Estimates","2002","20.7","9.8","8.6","17.4","7.8","6.6","18.9","8.7","7.5"
"France","ILO - Modelled Estimates","2001","20.4","10.5","9.4","15.9","7","5.9","17.9","8.6","7.5"
"France","ILO - Modelled Estimates","2000","22.5","12.2","11","18.9","8.5","7.3","20.5","10.2","9"
"France","ILO - Modelled Estimates","1999","28.1","13.9","12.3","24.5","10.4","8.7","26.1","12","10.3"
"France","ILO - Modelled Estimates","1998","28.3","14.1","12.5","23.9","10.4","8.9","25.9","12.1","10.5"
"France","ILO - Modelled Estimates","1997","31","14.4","12.5","26.6","11","9.3","28.6","12.6","10.7"
"France","ILO - Modelled Estimates","1996","30.3","14.5","12.6","24.7","10.6","8.9","27.3","12.4","10.6"
"France","ILO - Modelled Estimates","1995","30.6","14.1","11.9","23.4","10","8.4","26.8","11.8","10"
"France","ILO - Modelled Estimates","1994","30.3","14.5","12.3","26.7","11","9","28.4","12.6","10.5"
"France","ILO - Modelled Estimates","1993","27.6","13.4","11.3","23.1","9.6","7.8","25.2","11.3","9.4"
"France","ILO - Modelled Estimates","1992","25","12.8","10.9","18.3","8.1","6.6","21.4","10.2","8.5"
"France","ILO - Modelled Estimates","1991","22.6","11.6","9.8","16.8","7.2","5.8","19.5","9.1","7.5"
"Ghana","ILO - Modelled Estimates","2021","7.2","4.1","3.4","7.2","3.7","3","7.2","3.9","3.2"
"Ghana","ILO - Modelled Estimates","2020","7.3","3.8","3.1","7.3","3.7","2.9","7.3","3.8","3"
"Ghana","ILO - Modelled Estimates","2019","6.4","3.6","3","6.7","3.3","2.6","6.5","3.5","2.8"
"Ghana","ILO - Modelled Estimates","2018","6.3","3.6","2.9","6.6","3.3","2.5","6.5","3.4","2.7"
"Ghana","ILO - Modelled Estimates","2017","6.2","3.5","2.9","6.5","3.3","2.5","6.3","3.4","2.7"
"Ghana","ILO - Modelled Estimates","2016","10","5.1","3.9","10.7","5.2","3.8","10.4","5.1","3.9"
"Ghana","ILO - Modelled Estimates","2015","13.7","6.6","4.9","14.8","7","5.1","14.3","6.8","5"
"Ghana","ILO - Modelled Estimates","2014","9.4","4.5","3.3","9.6","4.5","3.2","9.5","4.5","3.3"
"Ghana","ILO - Modelled Estimates","2013","5.2","2.4","1.7","4.4","2","1.4","4.8","2.2","1.5"
"Ghana","ILO - Modelled Estimates","2012","7.5","3.5","2.5","6.3","3","2.1","6.9","3.2","2.3"
"Ghana","ILO - Modelled Estimates","2011","9.7","4.6","3.2","8.1","3.9","2.7","8.9","4.2","3"
"Ghana","ILO - Modelled Estimates","2010","12.2","5.9","4.1","10.1","4.9","3.5","11.1","5.4","3.8"
"Ghana","ILO - Modelled Estimates","2009","11.3","5.6","4","9.9","4.9","3.4","10.6","5.2","3.7"
"Ghana","ILO - Modelled Estimates","2008","10.4","5.3","3.8","9.5","4.7","3.2","9.9","5","3.5"
"Ghana","ILO - Modelled Estimates","2007","9.7","5.1","3.7","9.3","4.7","3.2","9.5","4.9","3.4"
"Ghana","ILO - Modelled Estimates","2006","8.8","4.8","3.5","9","4.5","3.1","8.9","4.6","3.3"
"Ghana","ILO - Modelled Estimates","2005","10.1","5.8","4.3","10.2","5.5","3.9","10.1","5.6","4.1"
"Ghana","ILO - Modelled Estimates","2004","11.3","6.8","5.2","11.3","6.4","4.7","11.3","6.6","4.9"
"Ghana","ILO - Modelled Estimates","2003","12.6","7.7","6.1","12.5","7.3","5.5","12.5","7.5","5.8"
"Ghana","ILO - Modelled Estimates","2002","13.8","8.7","6.9","13.7","8.3","6.3","13.7","8.5","6.6"
"Ghana","ILO - Modelled Estimates","2001","15.1","9.7","7.8","14.8","9.2","7.2","15","9.5","7.5"
"Ghana","ILO - Modelled Estimates","2000","16.3","10.7","8.7","16","10.2","8","16.2","10.5","8.3"
"Ghana","ILO - Modelled Estimates","1999","16.4","10.8","8.6","14.8","9.4","7.4","15.6","10.1","8"
"Ghana","ILO - Modelled Estimates","1998","13.5","8.8","7","11.9","7.6","6","12.7","8.2","6.5"
"Ghana","ILO - Modelled Estimates","1997","12.7","8.3","6.6","10.9","7","5.5","11.8","7.6","6"
"Ghana","ILO - Modelled Estimates","1996","12","7.7","6.2","9.9","6.3","5","10.9","7","5.6"
"Ghana","ILO - Modelled Estimates","1995","11.2","7.2","5.7","8.9","5.7","4.5","10","6.5","5.1"
"Ghana","ILO - Modelled Estimates","1994","10.5","6.7","5.3","7.9","5.1","4","9.2","5.9","4.7"
"Ghana","ILO - Modelled Estimates","1993","9.7","6.1","4.8","6.8","4.4","3.5","8.3","5.3","4.2"
"Ghana","ILO - Modelled Estimates","1992","9","5.6","4.3","5.8","3.8","3","7.5","4.7","3.7"
"Ghana","ILO - Modelled Estimates","1991","5.8","3.5","2.7","5.3","3.5","2.8","5.5","3.5","2.7"
"Greece","ILO - Modelled Estimates","2021","41.1","18.9","17.7","30.9","11.3","10.2","35.3","14.7","13.6"
"Greece","ILO - Modelled Estimates","2020","39.5","19.8","18.7","31.3","13.5","12.5","34.8","16.3","15.3"
"Greece","ILO - Modelled Estimates","2019","37.2","21.5","20.6","33.3","14","12.9","35","17.3","16.3"
"Greece","ILO - Modelled Estimates","2018","44.1","24.2","23.1","36.2","15.4","14.1","39.7","19.3","18.1"
"Greece","ILO - Modelled Estimates","2017","48.4","26.1","24.6","39.2","17.8","16.5","43.4","21.5","20.1"
"Greece","ILO - Modelled Estimates","2016","50.9","28.1","26.7","44.1","19.9","18.3","47.1","23.5","22.1"
"Greece","ILO - Modelled Estimates","2015","55.2","28.9","27.1","45.2","21.7","20.2","49.7","24.9","23.3"
"Greece","ILO - Modelled Estimates","2014","58.4","30.2","28.2","47.4","23.6","22","52.3","26.5","24.7"
"Greece","ILO - Modelled Estimates","2013","64.1","31.4","29.1","53.7","24.5","22.4","58.1","27.5","25.3"
"Greece","ILO - Modelled Estimates","2012","63.5","28.2","25.5","48.5","21.6","19.6","55.2","24.4","22.1"
"Greece","ILO - Modelled Estimates","2011","51.9","21.5","19.2","38.8","15.1","13.4","44.5","17.9","15.9"
"Greece","ILO - Modelled Estimates","2010","40.7","16.4","14.4","26.9","10.1","8.8","32.8","12.7","11.1"
"Greece","ILO - Modelled Estimates","2009","33.7","13.3","11.6","19.6","7","6","25.6","9.6","8.3"
"Greece","ILO - Modelled Estimates","2008","28.7","11.6","10.1","16.9","5.2","4.2","21.8","7.8","6.6"
"Greece","ILO - Modelled Estimates","2007","32.2","13","11.2","15.6","5.3","4.4","22.7","8.4","7.2"
"Greece","ILO - Modelled Estimates","2006","34.8","13.8","11.8","17.7","5.7","4.6","25","9","7.5"
"Greece","ILO - Modelled Estimates","2005","34.6","15.5","13.4","19","6.3","5","25.7","10","8.4"
"Greece","ILO - Modelled Estimates","2004","35.5","16.1","13.5","18.7","6.5","5.1","26","10.3","8.4"
"Greece","ILO - Modelled Estimates","2003","35.3","14.6","11.9","17.9","6.1","4.8","25.4","9.4","7.6"
"Greece","ILO - Modelled Estimates","2002","34.8","15.4","12.7","18.8","6.5","5.1","25.8","10","8"
"Greece","ILO - Modelled Estimates","2001","36.5","16","12.9","21","7","5.3","27.9","10.5","8.2"
"Greece","ILO - Modelled Estimates","2000","38.3","17.1","13.7","21.9","7.5","5.7","29.1","11.2","8.7"
"Greece","ILO - Modelled Estimates","1999","41.4","18.3","14.2","22.8","7.7","5.8","31.2","11.8","9"
"Greece","ILO - Modelled Estimates","1998","39.6","16.8","12.7","21.2","7.2","5.2","29.2","10.8","8"
"Greece","ILO - Modelled Estimates","1997","41.2","15.1","10.6","22","6.3","4.4","30.4","9.6","6.7"
"Greece","ILO - Modelled Estimates","1996","42.1","15.7","10.9","21.2","6.1","4.2","30.5","9.7","6.6"
"Greece","ILO - Modelled Estimates","1995","38.2","14","9.6","19.3","6.3","4.6","27.3","9.1","6.3"
"Greece","ILO - Modelled Estimates","1994","37.4","13.8","9.4","19.5","6.1","4.2","27.1","8.9","6"
"Greece","ILO - Modelled Estimates","1993","36.6","13.8","9.3","18.6","5.7","3.9","26.2","8.6","5.8"
"Greece","ILO - Modelled Estimates","1992","34.4","13.1","8.7","16.9","5","3.2","24.3","7.8","5.1"
"Greece","ILO - Modelled Estimates","1991","33.7","13","8.4","16.6","4.8","3.1","23.9","7.7","4.8"
"Indonesia","ILO - Modelled Estimates","2021","12.7","3.2","1.4","14.6","4.3","2.6","13.8","3.8","2.1"
"Indonesia","ILO - Modelled Estimates","2020","14.4","3.8","1.8","15.1","4.6","2.7","14.8","4.2","2.4"
"Indonesia","ILO - Modelled Estimates","2019","13.3","3.3","1.5","13.8","3.7","1.9","13.6","3.6","1.8"
"Indonesia","ILO - Modelled Estimates","2018","16.5","4.2","1.9","16.3","4.5","2.3","16.4","4.4","2.2"
"Indonesia","ILO - Modelled Estimates","2017","14.4","3.5","1.4","14.7","4","2","14.6","3.8","1.8"
"Indonesia","ILO - Modelled Estimates","2016","16.1","3.9","1.5","16","4.6","2.5","16","4.3","2.1"
"Indonesia","ILO - Modelled Estimates","2015","17.3","4.4","1.9","17.2","4.6","2.2","17.3","4.5","2.1"
"Indonesia","ILO - Modelled Estimates","2014","16.5","3.9","1.5","15.7","4.2","2","16","4","1.8"
"Indonesia","ILO - Modelled Estimates","2013","16.5","4.3","1.8","15.8","4.4","2.2","16.1","4.3","2"
"Indonesia","ILO - Modelled Estimates","2012","16.3","4.8","2.4","15.4","4.3","2.1","15.7","4.5","2.2"
"Indonesia","ILO - Modelled Estimates","2011","19.6","5.6","2.7","17.8","4.9","2.4","18.5","5.2","2.5"
"Indonesia","ILO - Modelled Estimates","2010","19.1","6.4","3.7","16.9","5.1","2.8","17.8","5.6","3.1"
"Indonesia","ILO - Modelled Estimates","2009","21","6.7","3.5","18","5.7","3.1","19.2","6.1","3.3"
"Indonesia","ILO - Modelled Estimates","2008","21.6","8.1","5","18.5","6.7","4","19.7","7.2","4.4"
"Indonesia","ILO - Modelled Estimates","2007","25.6","9.9","6","21.2","6.9","3.6","22.9","8.1","4.5"
"Indonesia","ILO - Modelled Estimates","2006","27.5","9.3","4.2","22.9","6.6","2.9","24.7","7.6","3.4"
"Indonesia","ILO - Modelled Estimates","2005","30.7","10","4.5","23.6","6.8","2.9","26.4","7.9","3.5"
"Indonesia","ILO - Modelled Estimates","2004","27.1","9.2","4","21.5","6.2","2.5","23.7","7.3","3"
"Indonesia","ILO - Modelled Estimates","2003","23.8","8.3","4","20","5.7","2.2","21.5","6.7","2.8"
"Indonesia","ILO - Modelled Estimates","2002","23.6","7.8","3.2","20.1","5.9","2.3","21.5","6.6","2.6"
"Indonesia","ILO - Modelled Estimates","2001","21.1","7.4","3.4","17.8","5.3","2","19.1","6.1","2.6"
"Indonesia","ILO - Modelled Estimates","2000","19.9","6.7","2.7","18.7","5.7","2.2","19.2","6.1","2.4"
"Indonesia","ILO - Modelled Estimates","1999","20.7","6.9","2.7","18.4","6","2.6","19.3","6.4","2.6"
"Indonesia","ILO - Modelled Estimates","1998","19.1","6.1","2.2","15.2","5","2.2","16.8","5.5","2.2"
"Indonesia","ILO - Modelled Estimates","1997","17.1","5.6","2","13.6","4.1","1.4","14.9","4.7","1.7"
"Indonesia","ILO - Modelled Estimates","1996","16.8","5.9","2.3","13.7","4.2","1.5","14.9","4.9","1.8"
"Indonesia","ILO - Modelled Estimates","1995","15.6","5.5","2.1","12.9","4","1.4","14","4.6","1.7"
"Indonesia","ILO - Modelled Estimates","1994","14.4","5.2","1.9","12.2","3.9","1.3","13.1","4.4","1.6"
"Indonesia","ILO - Modelled Estimates","1993","8.9","3","1.1","8.3","2.6","0.9","8.6","2.8","1"
"Indonesia","ILO - Modelled Estimates","1992","8.6","3","1","8","2.6","0.9","8.2","2.7","1"
"Indonesia","ILO - Modelled Estimates","1991","8.5","3","1.1","7.5","2.4","0.8","7.9","2.6","0.9"
"Iran, Islamic Republic of","ILO - Modelled Estimates","2021","38.5","17.8","15.4","22.6","9.3","8","25.6","10.8","9.3"
"Iran, Islamic Republic of","ILO - Modelled Estimates","2020","35.4","15.7","13.5","21.2","8.5","7.2","23.7","9.7","8.2"
"Iran, Islamic Republic of","ILO - Modelled Estimates","2019","38.2","17.6","14.9","22.6","9.1","7.6","26","10.7","9"
"Iran, Islamic Republic of","ILO - Modelled Estimates","2018","39.4","19","16.1","24.2","10.5","8.9","27.5","12.2","10.3"
"Iran, Islamic Republic of","ILO - Modelled Estimates","2017","42.8","20","16.4","24.1","10.3","8.6","28.2","12.2","10.1"
"Iran, Islamic Republic of","ILO - Modelled Estimates","2016","43.5","20.9","17.3","25.3","10.7","8.7","29.1","12.6","10.3"
"Iran, Islamic Republic of","ILO - Modelled Estimates","2015","42.2","19.6","15.9","22.2","9.4","7.7","26","11.2","9"
"Iran, Islamic Republic of","ILO - Modelled Estimates","2014","43.2","19.9","15.8","21.2","9","7.1","25","10.7","8.5"
"Iran, Islamic Republic of","ILO - Modelled Estimates","2013","41.2","20","15.6","20","8.8","6.9","23.9","10.6","8.3"
"Iran, Islamic Republic of","ILO - Modelled Estimates","2012","39.7","19.9","14.9","23.2","10.6","8.1","26.7","12.3","9.3"
"Iran, Islamic Republic of","ILO - Modelled Estimates","2011","41.1","21.1","15.8","22.9","10.7","8.2","26.5","12.5","9.4"
"Iran, Islamic Republic of","ILO - Modelled Estimates","2010","40.2","20.8","14.9","25.4","12.1","9","28.6","13.7","10"
"Iran, Islamic Republic of","ILO - Modelled Estimates","2009","31.9","17.1","12.4","22.7","11","8.1","24.7","12.1","8.9"
"Iran, Islamic Republic of","ILO - Modelled Estimates","2008","33.2","17","11.2","20.3","9.3","6.4","23","10.6","7.2"
"Iran, Islamic Republic of","ILO - Modelled Estimates","2007","29.8","16.1","11","20.1","9.5","6.5","22.3","10.8","7.3"
"Iran, Islamic Republic of","ILO - Modelled Estimates","2006","31.4","16.5","10.5","21.2","10.3","6.9","23.6","11.5","7.6"
"Iran, Islamic Republic of","ILO - Modelled Estimates","2005","32.4","17.6","11.1","20.7","10.3","7","23.5","11.8","7.7"
"Iran, Islamic Republic of","ILO - Modelled Estimates","2004","29.3","16.2","10.1","17.8","8.9","6","20.5","10.3","6.7"
"Iran, Islamic Republic of","ILO - Modelled Estimates","2003","34","18.9","11.7","19.6","9.9","6.6","22.9","11.5","7.5"
"Iran, Islamic Republic of","ILO - Modelled Estimates","2002","39","21.8","13.5","21.7","10.9","7.3","25.5","12.8","8.3"
"Iran, Islamic Republic of","ILO - Modelled Estimates","2001","36.7","20.7","12.8","21.2","10.7","7.2","24.4","12.3","8"
"Iran, Islamic Republic of","ILO - Modelled Estimates","2000","34","19.2","11.9","20.4","10.2","6.9","23.1","11.6","7.6"
"Iran, Islamic Republic of","ILO - Modelled Estimates","1999","31.6","17.9","11.1","19.8","9.9","6.8","22.1","11","7.3"
"Iran, Islamic Republic of","ILO - Modelled Estimates","1998","29.1","16.4","10.2","19.1","9.4","6.5","20.9","10.4","7"
"Iran, Islamic Republic of","ILO - Modelled Estimates","1997","26.5","15","9.4","18.4","9","6.3","19.8","9.8","6.6"
"Iran, Islamic Republic of","ILO - Modelled Estimates","1996","23.8","13.4","8.4","17.5","8.5","6","18.5","9.1","6.2"
"Iran, Islamic Republic of","ILO - Modelled Estimates","1995","27.4","15.7","9.7","17.9","8.8","6.2","19.5","9.6","6.5"
"Iran, Islamic Republic of","ILO - Modelled Estimates","1994","30.9","18","11","18.3","9","6.3","20.4","10.1","6.8"
"Iran, Islamic Republic of","ILO - Modelled Estimates","1993","34","20.2","12.2","18.6","9.2","6.4","21.2","10.5","7"
"Iran, Islamic Republic of","ILO - Modelled Estimates","1992","36.9","22.5","13.3","18.9","9.4","6.5","21.9","10.8","7.1"
"Iran, Islamic Republic of","ILO - Modelled Estimates","1991","39.3","24.5","14.1","18.9","9.5","6.5","22.3","11.1","7.2"
"Japan","ILO - Modelled Estimates","2021","4.1","2.5","2.3","5.1","3.1","2.9","4.6","2.8","2.6"
"Japan","ILO - Modelled Estimates","2020","4.2","2.5","2.3","5","3","2.9","4.6","2.8","2.6"
"Japan","ILO - Modelled Estimates","2019","3.7","2.2","2","4.1","2.5","2.4","3.9","2.4","2.2"
"Japan","ILO - Modelled Estimates","2018","3.2","2.2","2.1","4.1","2.7","2.5","3.7","2.5","2.4"
"Japan","ILO - Modelled Estimates","2017","4.4","2.6","2.5","4.8","3","2.8","4.6","2.8","2.7"
"Japan","ILO - Modelled Estimates","2016","4.5","2.8","2.7","5.7","3.4","3.2","5.1","3.1","3"
"Japan","ILO - Modelled Estimates","2015","5.1","3.1","2.9","5.9","3.6","3.4","5.5","3.4","3.2"
"Japan","ILO - Modelled Estimates","2014","5.6","3.4","3.1","6.9","3.8","3.5","6.3","3.6","3.4"
"Japan","ILO - Modelled Estimates","2013","5.9","3.7","3.5","7.7","4.3","4.1","6.8","4","3.8"
"Japan","ILO - Modelled Estimates","2012","7.5","4.1","3.7","8.9","4.6","4.3","8.2","4.4","4"
"Japan","ILO - Modelled Estimates","2011","7.2","4.2","3.8","9.4","4.8","4.5","8.3","4.6","4.2"
"Japan","ILO - Modelled Estimates","2010","8.1","4.6","4.2","10.8","5.5","5.1","9.4","5.1","4.7"
"Japan","ILO - Modelled Estimates","2009","8.2","4.8","4.4","10.2","5.3","4.9","9.2","5.1","4.7"
"Japan","ILO - Modelled Estimates","2008","6.7","3.9","3.5","7.9","4.1","3.8","7.3","4","3.7"
"Japan","ILO - Modelled Estimates","2007","7.4","3.8","3.4","8.4","4","3.6","7.9","3.9","3.5"
"Japan","ILO - Modelled Estimates","2006","7.3","3.9","3.5","9.3","4.4","4","8.3","4.2","3.8"
"Japan","ILO - Modelled Estimates","2005","7.4","4.2","3.8","10.1","4.6","4.1","8.7","4.4","4"
"Japan","ILO - Modelled Estimates","2004","8","4.4","4","11","5","4.4","9.6","4.7","4.2"
"Japan","ILO - Modelled Estimates","2003","8.6","4.9","4.4","11.7","5.5","4.9","10.2","5.2","4.7"
"Japan","ILO - Modelled Estimates","2002","8.7","5.1","4.6","11.4","5.6","5","10.1","5.4","4.9"
"Japan","ILO - Modelled Estimates","2001","8.5","4.7","4.2","10.7","5.2","4.7","9.6","5","4.5"
"Japan","ILO - Modelled Estimates","2000","8","4.5","4","10.3","4.9","4.3","9.2","4.8","4.2"
"Japan","ILO - Modelled Estimates","1999","8.2","4.5","3.9","10.1","4.8","4.2","9.2","4.7","4.1"
"Japan","ILO - Modelled Estimates","1998","7.1","4","3.5","8.3","4.2","3.7","7.7","4.1","3.6"
"Japan","ILO - Modelled Estimates","1997","6.5","3.4","2.9","6.9","3.4","3","6.7","3.4","2.9"
"Japan","ILO - Modelled Estimates","1996","6.4","3.3","2.8","7","3.4","3","6.7","3.4","2.9"
"Japan","ILO - Modelled Estimates","1995","6.1","3.3","2.7","6.3","3.2","2.8","6.2","3.2","2.7"
"Japan","ILO - Modelled Estimates","1994","5.5","3","2.5","5.7","2.8","2.4","5.6","2.9","2.5"
"Japan","ILO - Modelled Estimates","1993","5.1","2.6","2.1","4.9","2.4","2.1","5","2.5","2.1"
"Japan","ILO - Modelled Estimates","1992","4.2","2.3","1.9","4.8","2.2","1.8","4.5","2.2","1.8"
"Japan","ILO - Modelled Estimates","1991","4.2","2.2","1.8","4.8","2","1.7","4.5","2.1","1.7"
"Nigeria","ILO - Modelled Estimates","2021","14.6","5.7","4","12.8","6.2","5.1","13.6","5.9","4.6"
"Nigeria","ILO - Modelled Estimates","2020","15.4","5.6","3.8","13.5","6.3","5.2","14.4","6","4.6"
"Nigeria","ILO - Modelled Estimates","2019","13.3","4.9","3.4","12","5.4","4.4","12.6","5.2","4"
"Nigeria","ILO - Modelled Estimates","2018","12.9","4.6","3.2","11.5","5.2","4.2","12.2","5","3.8"
"Nigeria","ILO - Modelled Estimates","2017","12.6","4.4","3","11","5","4","11.7","4.7","3.6"
"Nigeria","ILO - Modelled Estimates","2016","12.2","4.2","2.8","10.6","4.8","3.8","11.3","4.5","3.4"
"Nigeria","ILO - Modelled Estimates","2015","11.8","3.9","2.6","10","4.5","3.6","10.8","4.2","3.1"
"Nigeria","ILO - Modelled Estimates","2014","11.3","3.6","2.3","9.5","4.2","3.3","10.3","3.9","2.9"
"Nigeria","ILO - Modelled Estimates","2013","10.8","3.4","2.1","9","4","3.1","9.8","3.7","2.7"
"Nigeria","ILO - Modelled Estimates","2012","9.8","3.5","2.4","9.8","3.9","2.9","9.8","3.8","2.6"
"Nigeria","ILO - Modelled Estimates","2011","8.9","3.7","2.6","10.4","3.8","2.5","9.7","3.8","2.5"
"Nigeria","ILO - Modelled Estimates","2010","8.8","3.7","2.6","10.4","3.8","2.5","9.6","3.8","2.5"
"Nigeria","ILO - Modelled Estimates","2009","8.9","3.7","2.6","10.3","3.8","2.5","9.6","3.8","2.6"
"Nigeria","ILO - Modelled Estimates","2008","8.9","3.7","2.6","10.3","3.8","2.5","9.6","3.8","2.6"
"Nigeria","ILO - Modelled Estimates","2007","8.9","3.8","2.7","10.3","3.8","2.5","9.6","3.8","2.6"
"Nigeria","ILO - Modelled Estimates","2006","8.9","3.8","2.7","10.2","3.8","2.5","9.6","3.8","2.6"
"Nigeria","ILO - Modelled Estimates","2005","8.9","3.8","2.7","10.2","3.8","2.5","9.6","3.8","2.6"
"Nigeria","ILO - Modelled Estimates","2004","8.9","3.8","2.7","10.1","3.8","2.5","9.5","3.8","2.6"
"Nigeria","ILO - Modelled Estimates","2003","8.9","3.8","2.7","10.1","3.8","2.5","9.5","3.8","2.6"
"Nigeria","ILO - Modelled Estimates","2002","8.8","3.8","2.7","9.9","3.7","2.5","9.3","3.8","2.6"
"Nigeria","ILO - Modelled Estimates","2001","8.9","3.9","2.7","10","3.8","2.5","9.5","3.8","2.6"
"Nigeria","ILO - Modelled Estimates","2000","8.9","3.9","2.8","10","3.8","2.6","9.5","3.9","2.7"
"Nigeria","ILO - Modelled Estimates","1999","9","3.9","2.8","10","3.9","2.6","9.5","3.9","2.7"
"Nigeria","ILO - Modelled Estimates","1998","9","3.9","2.8","9.9","3.9","2.6","9.5","3.9","2.7"
"Nigeria","ILO - Modelled Estimates","1997","9","3.9","2.8","9.9","3.9","2.6","9.4","3.9","2.7"
"Nigeria","ILO - Modelled Estimates","1996","9","4","2.8","9.8","3.8","2.6","9.4","3.9","2.7"
"Nigeria","ILO - Modelled Estimates","1995","9.1","4","2.9","9.9","3.9","2.6","9.5","3.9","2.7"
"Nigeria","ILO - Modelled Estimates","1994","9.1","4","2.9","9.9","3.9","2.6","9.5","4","2.8"
"Nigeria","ILO - Modelled Estimates","1993","9.1","4.1","2.9","9.8","3.9","2.7","9.5","4","2.8"
"Nigeria","ILO - Modelled Estimates","1992","9.1","4","2.9","9.7","3.9","2.6","9.4","3.9","2.7"
"Nigeria","ILO - Modelled Estimates","1991","9.2","4.1","2.9","9.8","3.9","2.7","9.5","4","2.8"
"Uganda","ILO - Modelled Estimates","2021","7","4.9","4","6.1","3.7","2.6","6.5","4.3","3.3"
"Uganda","ILO - Modelled Estimates","2020","7.5","5","3.9","6.7","4","2.8","7.1","4.5","3.3"
"Uganda","ILO - Modelled Estimates","2019","5.8","4","3.2","5.3","3.1","2","5.6","3.6","2.6"
"Uganda","ILO - Modelled Estimates","2018","5.8","4.1","3.2","5.3","3.1","2","5.5","3.6","2.6"
"Uganda","ILO - Modelled Estimates","2017","5.8","4.1","3.3","5.3","3.2","2.1","5.6","3.6","2.7"
"Uganda","ILO - Modelled Estimates","2016","5.2","3.7","3","4.5","2.7","1.8","4.8","3.2","2.4"
"Uganda","ILO - Modelled Estimates","2015","4.5","3.3","2.7","3.7","2.2","1.5","4.1","2.7","2.1"
"Uganda","ILO - Modelled Estimates","2014","3.9","2.9","2.4","2.9","1.8","1.3","3.4","2.3","1.8"
"Uganda","ILO - Modelled Estimates","2013","3.3","2.5","2.1","2.1","1.4","1","2.7","1.9","1.5"
"Uganda","ILO - Modelled Estimates","2012","6","4.3","3.5","4.6","2.9","2","5.3","3.5","2.7"
"Uganda","ILO - Modelled Estimates","2011","5.9","4.2","3.4","4.6","2.8","2","5.2","3.5","2.6"
"Uganda","ILO - Modelled Estimates","2010","6","4.3","3.4","4.8","3","2.1","5.4","3.6","2.7"
"Uganda","ILO - Modelled Estimates","2009","6","4.2","3.4","4.9","3","2.1","5.5","3.6","2.7"
"Uganda","ILO - Modelled Estimates","2008","5.3","3.7","2.9","4.4","2.7","1.8","4.8","3.1","2.3"
"Uganda","ILO - Modelled Estimates","2007","4.5","3.1","2.5","3.9","2.3","1.6","4.2","2.7","2"
"Uganda","ILO - Modelled Estimates","2006","3.8","2.6","2","3.4","2","1.4","3.6","2.3","1.7"
"Uganda","ILO - Modelled Estimates","2005","3.1","2.1","1.7","2.9","1.7","1.2","3","1.9","1.4"
"Uganda","ILO - Modelled Estimates","2004","4.9","3.3","2.6","3.8","2.2","1.5","4.3","2.7","2"
"Uganda","ILO - Modelled Estimates","2003","6.8","4.5","3.5","4.7","2.7","1.9","5.7","3.6","2.7"
"Uganda","ILO - Modelled Estimates","2002","6.6","4.4","3.4","4.7","2.7","1.8","5.6","3.5","2.6"
"Uganda","ILO - Modelled Estimates","2001","6.6","4.4","3.4","4.8","2.7","1.9","5.7","3.5","2.6"
"Uganda","ILO - Modelled Estimates","2000","6.7","4.4","3.4","4.8","2.8","1.9","5.7","3.6","2.6"
"Uganda","ILO - Modelled Estimates","1999","6.5","4.3","3.3","4.7","2.7","1.8","5.6","3.4","2.5"
"Uganda","ILO - Modelled Estimates","1998","6.6","4.3","3.3","4.8","2.7","1.8","5.7","3.5","2.5"
"Uganda","ILO - Modelled Estimates","1997","6.5","4.3","3.2","4.8","2.7","1.8","5.6","3.4","2.5"
"Uganda","ILO - Modelled Estimates","1996","6.4","4.2","3.1","4.7","2.6","1.8","5.5","3.4","2.4"
"Uganda","ILO - Modelled Estimates","1995","6.3","4.1","3","4.6","2.6","1.7","5.5","3.3","2.3"
"Uganda","ILO - Modelled Estimates","1994","6.4","4.2","3.1","4.7","2.7","1.8","5.6","3.4","2.4"
"Uganda","ILO - Modelled Estimates","1993","6.4","4.1","3","4.7","2.6","1.7","5.5","3.3","2.3"
"Uganda","ILO - Modelled Estimates","1992","6.4","4.2","3.1","4.8","2.7","1.8","5.6","3.4","2.4"
"Uganda","ILO - Modelled Estimates","1991","6.4","4.1","3","4.7","2.6","1.7","5.5","3.3","2.3"
"Viet Nam","ILO - Modelled Estimates","2021","6.8","2.3","1.7","6.8","2.5","1.9","6.8","2.4","1.8"
"Viet Nam","ILO - Modelled Estimates","2020","7.5","2.4","1.7","5.5","1.8","1.2","6.4","2.1","1.4"
"Viet Nam","ILO - Modelled Estimates","2019","5.3","1.6","1","5.7","1.8","1.1","5.5","1.7","1"
"Viet Nam","ILO - Modelled Estimates","2018","4.3","1","0.5","4.6","1.3","0.7","4.5","1.2","0.6"
"Viet Nam","ILO - Modelled Estimates","2017","7","1.7","0.8","7","2","1.1","7","1.9","1"
"Viet Nam","ILO - Modelled Estimates","2016","6.8","1.7","0.8","6.8","2","1.1","6.8","1.9","0.9"
"Viet Nam","ILO - Modelled Estimates","2015","6.5","1.7","0.8","6.2","2","1.1","6.4","1.9","1"
"Viet Nam","ILO - Modelled Estimates","2014","4.8","1.1","0.4","4.7","1.4","0.7","4.8","1.3","0.6"
"Viet Nam","ILO - Modelled Estimates","2013","4.5","1.1","0.5","4.7","1.5","0.8","4.6","1.3","0.6"
"Viet Nam","ILO - Modelled Estimates","2012","3.6","0.9","0.4","3.8","1.1","0.5","3.7","1","0.5"
"Viet Nam","ILO - Modelled Estimates","2011","3.2","0.9","0.4","3.4","1.1","0.6","3.3","1","0.5"
"Viet Nam","ILO - Modelled Estimates","2010","3.4","1.1","0.5","3.6","1.1","0.6","3.5","1.1","0.6"
"Viet Nam","ILO - Modelled Estimates","2009","4.3","1.6","0.9","4.7","1.9","1.2","4.5","1.7","1.1"
"Viet Nam","ILO - Modelled Estimates","2008","5.1","1.8","1","5.6","2.1","1.2","5.3","1.9","1.1"
"Viet Nam","ILO - Modelled Estimates","2007","5.7","1.9","1","6.3","2.1","1.1","6","2","1"
"Viet Nam","ILO - Modelled Estimates","2006","5.4","2.1","1.3","5.6","2.1","1.1","5.5","2.1","1.2"
"Viet Nam","ILO - Modelled Estimates","2005","5.1","2.3","1.5","5","1.9","1.1","5","2.1","1.3"
"Viet Nam","ILO - Modelled Estimates","2004","4.8","2.4","1.8","4.4","1.9","1.1","4.6","2.1","1.5"
"Viet Nam","ILO - Modelled Estimates","2003","5.1","2.6","1.9","4.4","1.9","1.2","4.7","2.2","1.5"
"Viet Nam","ILO - Modelled Estimates","2002","4.5","2.3","1.7","4.4","1.9","1.2","4.4","2.1","1.4"
"Viet Nam","ILO - Modelled Estimates","2001","6.2","3.3","2.3","5.1","2.3","1.4","5.7","2.8","1.8"
"Viet Nam","ILO - Modelled Estimates","2000","4.3","2.1","1.5","5.5","2.4","1.4","4.9","2.3","1.5"
"Viet Nam","ILO - Modelled Estimates","1999","4.6","2.4","1.7","5","2.3","1.4","4.8","2.3","1.5"
"Viet Nam","ILO - Modelled Estimates","1998","4.2","2.2","1.4","5.4","2.4","1.4","4.8","2.3","1.4"
"Viet Nam","ILO - Modelled Estimates","1997","5.1","2.5","1.6","7.1","3.2","1.7","6.1","2.9","1.7"
"Viet Nam","ILO - Modelled Estimates","1996","3.4","1.7","1","4.8","2.2","1.1","4.1","1.9","1.1"
"Viet Nam","ILO - Modelled Estimates","1995","3.4","1.7","1","4.8","2.1","1.1","4.1","1.9","1"
"Viet Nam","ILO - Modelled Estimates","1994","3.5","1.7","1","4.8","2.2","1.1","4.1","1.9","1.1"
"Viet Nam","ILO - Modelled Estimates","1993","3.5","1.8","1","4.9","2.2","1.1","4.2","2","1.1"
"Viet Nam","ILO - Modelled Estimates","1992","3.5","1.7","1","4.8","2.1","1.1","4.1","1.9","1"
"Viet Nam","ILO - Modelled Estimates","1991","3.7","1.9","1.1","5.1","2.4","1.2","4.4","2.1","1.2"
